<?xml version="1.0" encoding="UTF-8"?>
<ApexPage xmlns="http://soap.sforce.com/2006/04/metadata">
    <apiVersion>38.0</apiVersion>
    <availableInTouch>false</availableInTouch>
    <confirmationTokenRequired>false</confirmationTokenRequired>
    <label>ContactForm</label>
    <packageVersions>
        <majorNumber>3</majorNumber>
        <minorNumber>1</minorNumber>
        <namespace>ddcAssess</namespace>
    </packageVersions>
    <packageVersions>
        <majorNumber>1</majorNumber>
        <minorNumber>12</minorNumber>
        <namespace>sf_chttr_apps</namespace>
    </packageVersions>
</ApexPage>
